{"chunk_definitions":[{"row":175,"row_count":1,"visible":true,"expansion_state":0,"options":{"engine":"r","label":"unnamed-chunk-1","dev":"png"},"document_id":"2893A9FE","chunk_id":"c79guoizkgc9v","chunk_label":"unnamed-chunk-1"},{"row":179,"row_count":1,"visible":true,"expansion_state":0,"options":{"engine":"r","label":"unnamed-chunk-2","dev":"png"},"document_id":"2893A9FE","chunk_id":"cqcjw6sblsz31","chunk_label":"unnamed-chunk-2"},{"row":233,"row_count":1,"visible":true,"expansion_state":0,"options":{"engine":"r","label":"unnamed-chunk-8","message":false,"dev":"png"},"document_id":"2893A9FE","chunk_id":"cq3db6gem6ojn","chunk_label":"unnamed-chunk-6"},{"row":244,"row_count":1,"visible":true,"expansion_state":0,"options":{"engine":"r","label":"unnamed-chunk-5","dev":"png"},"document_id":"2893A9FE","chunk_id":"culsikhc6120c","chunk_label":"unnamed-chunk-8"},{"row":273,"row_count":1,"visible":true,"expansion_state":0,"options":{"engine":"r","label":"unnamed-chunk-7","dev":"png"},"document_id":"2893A9FE","chunk_id":"c1apiulchwgau","chunk_label":"unnamed-chunk-11"}],"doc_write_time":1755653124}