country_name,country_code,1990,1991,1992,1993,1994,1995,1996,1997,1998,1999,2000,2001,2002,2003,2004,2005,2006,2007,2008,2009,2010,2011,2012,2013,2014,2015,2016,2017,2018,2019,2020,2021,2022
Aruba,ABW,,,,,,,,,,,,,,,,,,,,,,,,,,,,,,,,,
Africa Eastern and Southern,AFE,304614.720181,300135.943094,296834.691723,305267.779142,314596.287085,329784.557767,342368.178325,358278.381587,367651.937441,353173.100746,357967.510652,395061.523617,406488.162257,428637.779164,459742.334363,460840.910225,467829.222212,488797.648679,522352.252288,504690.371108,532614.140224,525337.889289,546775.865,568547.519,591680.972,576265.992,580219.242,590905.482,598720.9575,610723.5,544952.503,,
Afghanistan,AFG,2046.87,1941.37,1525.47,1527.89,1493.59,1457.69,1407.3,1344.1,1318,1122,1078.12,1088.638,1403.03,1653.207,1292.307,1961.711,2283.68,2847.81,4375.64,6558.97,8576.15,11961.89,10208.13,9402.05,9281.34,10057.59,9294.93,10022.78,10972.38,11238.83,8709.47,,
Africa Western and Central,AFW,97190.345,110559.9338,121628.003,114995.869,106198.491,116198.614,134252.745,134320.486,129455.595,131960.884,140653.453,147879.42,138656.59,148185.467,149751.265,152041.539,144266.808,139839.036,147214.73,141983.85,159573.957,165498.4949,170350.67,186486.66,196343.63,194363.64,201399.22,200550.9,210618.89,222990.35,215915.61,,
Angola,AGO,6564.2,6674.5,6877.3,9269.7,11298.23,12719.48,15442.4,16154.9,16767.9,17613.22,16204.16,15955.9,15689.5,16764.8,17453.6,15811.2,16558.6,16966.4,19275.3,21145,22801.5,23865.8,23868,26958.7,29610.5,31648.9,29520.7,25064.8,23637.4,24382.9,19814.5,,
Albania,ALB,6060.5,4119.6,2239.3,2078.4,2084.7,1951.1,1968,1479.16,1804.55,2985.35,3186.54,3234.2,3761.9,4137.4,4322.3,4095.9,4081.8,4258.4,4209.5,4368.2,4785.4,5136.7,4541.8,4795.4,5188,4797,4573.2,5403.7,5316.1,4993.3,4383.2,,
Andorra,AND,406.704,406.704,406.704,410.368,406.704,425.024,454.336,465.328,490.976,512.96,523.952,523.952,531.28,534.944,560.592,575.248,545.936,538.608,538.608,516.624,516.624,490.976,487.312,476.32,461.664,465.328,468.992,465.328,494.64,479.984,448.884399,,
Arab World,ARB,632472.87,634670.889,688969.38,741817.84,786209.54,810180.27,838864.28,879771.68,884602.46,896523.3,933988.54,985508.25,1019038.88,1049960.51,1106497.6,1182132.3,1245032.15,1296134.5,1400755.46,1447553.6,1533676.6,1567405.8,1674146.7,1706820.79,1766583.07,1809147.15,1827587.97,1843231.7,1826351.9,1845846.37,1765052.9,,
United Arab Emirates,ARE,55210.4,61564.1,59702.8,63620.2,70779.6,75166.7,78528.3,81440.9,83449.6,85679.8,84729.1,97196.5,99146.3,103820.5,110007.6,116453.9,121562.5,131831.6,156044.4,157019.8,162788.9,166631.5,175687.9,184960.8,186639.8,195409.4,200398.5,191935,174220.3,185645.7,188088.7,,
Argentina,ARG,100313.9,105906.6,107921.1,110256.5,111909.9,112886.7,122545.9,126118.7,132669.9,134502,132265.5,125255.2,117462.1,127653.5,141376.4,145995.4,154917.5,162820.2,167231.8,156567.5,167226.3,176641.6,177955.3,183255.7,179600.7,185550,183158.7,179267.3,176894.6,168162,154535.9,,
Armenia,ARM,19845.2,20689.6,10755.96,4974.49,2707.87,3436.76,2481.91,3324.3,3492.5,3103,3561,3602,3118.7,3495.4,3763.8,4460.9,4489.2,5204.4,5685.5,4510.8,4336.6,4937.1,5716.5,5501.5,5479,5343.4,5066.7,5371.3,5712.2,6195.6,6746.6,,
American Samoa,ASM,,,,,,,,,,,,,,,,,,,,,,,,,,,,,,,,,
Antigua and Barbuda,ATG,218.2,221.4,218.5,222,225.2,235.2,254.8,267.6,286,299.3,312.5,321.9,335.1,360.7,367.4,376.7,398,419.2,428.1,453.6,465.8,456.1,469.9,472.9,476.6,490.2,500.5,500.1,508.6,509,474.6,,
Australia,AUS,263437.5,264709.7,268366.5,273016.9,280096.3,290141.5,300180.4,307778.5,327536.9,333677.7,339422.8,345609.4,353315.8,352893.5,366141.6,368801.9,374104.4,384368.3,387570.3,393859.7,395993.2,394436.7,395690,388427.4,379267.2,385782.4,394803.6,397149.4,396059.9,395199.1,378996.8,,
Austria,AUT,58275.7,62423.2,57668,57804,58288.2,61186.4,64902.9,64224.1,64673.1,63055.1,63538.6,67914.4,69374.2,74467.9,75802.1,76242.4,74104.4,71248,70734.7,64420.7,69965.1,68276,65112,65752.7,62054.5,63254.7,63697.1,65867.7,63131.4,64497.8,59142.4,,
Azerbaijan,AZE,53483.7,52059.4,63613.2,48052,33515.3,32474.9,27193.3,26489.6,26490.5,26122.2,27687.2,26397.2,26177.6,28569.4,28311.9,30043.4,30488.4,27627.7,30447.6,25495.8,24311.9,27282.1,30110.6,30939.6,32243.4,31773.3,32239.4,31957,32728.1,35521,34305,,
Burundi,BDI,187.6,229.6,201.2,210.6,210.6,216.9,223.3,226.2,232.5,233.8,262.6,210.2,218.1,171.2,159.6,161,191.6,192.1,198.7,198.1,323.3,359.3,364.2,366.4,364.8,366.8,442,529.1,664.9,707.4,713.466,,
Belgium,BEL,109312.6,113960.1,112329.3,110108.3,114901.4,114568.7,119448.4,116634.7,119412.8,115514.5,117274.6,118339.8,110850.2,115502.1,113350.8,110960.2,108081.5,103905.8,106715.4,99904.4,106872.8,96488.2,95275.6,96550.6,90362.4,95096,94171.6,92587.4,93523.2,92989.4,85364.1,,
Benin,BEN,330.11,273.51,282.61,287.29,280.34,302.07,973.49,1236.54,1214.7,1340.5,1424.5,1735.1,2177.3,2443.2,2646.4,2899.6,3471.4,3998.2,4017.6,4417.2,4825.1,4652.6,4444.7,4676.4,5186.1,5505.6,6739,6876.2,7604,7475.5,7980.4,,
Burkina Faso,BFA,594.1,599.6,610.8,623.6,625.8,639.72,724.9,827.85,879.32,933.39,1048.93,1024.23,1027.23,1102.48,1133.84,1151.29,1400.48,1682.82,1909.6,1930.1,2094.3,2200.4,2693,2947,2997,3801.8,3997.8,4625.2,5147.7,5646.5,5456.7,,
Bangladesh,BGD,11523.73,10830.76,11823.48,12568.4,13543.45,16554.48,16825.3,18970.9,19249.5,20105.5,20686.7,25634.5,27284.2,28629.8,30527.5,32710.8,35902.8,37992.3,41580.8,44750,50487.6,54309.9,58985.2,62965.7,66313.1,73156.9,81128.9,87658,95944.6,92645,85493.1,,
Bulgaria,BGR,73605.7,58826.5,55364.1,55925.2,53724,54882.8,55301.7,52994.6,50477.5,44322,43421.1,46185.6,43599.9,47933.3,47265.7,47985.6,48954.8,52598.7,50039.3,42907.8,44740.6,49637.6,45023.1,39660.7,42054.4,44556.5,41586.7,43885.1,40898.2,39159.9,34138.1,,
Bahrain,BHR,10737.46,10346.53,12272.25,13066.22,13372.03,13535.88,14154.98,14415.78,15488.92,15450.88,15876.5,16386.32,17221.48,17944.11,17927.3,20693.7,22485.4,23001,24762.2,24717.1,25965.7,26017.6,27174.2,28853,30282.7,30492.4,30301.1,30514.9,30844.4,32966.8,32470.2,,
"Bahamas, The",BHS,2014.6,2085.3,1952.5,1825.1,1849.6,1924.2,1894.7,1695.7,2080.7,2127.4,2115.3,2034.5,2068.8,2116,2094.7,1955.6,1906.6,1931.7,1981.2,2008.5,1979.4,2183,2394.3,2805.4,2518.9,2207.4,2040.7,2170.2,2795.4,2622.7,2456,,
Bosnia and Herzegovina,BIH,23965.6,21441,15966.67,13403.99,3162.67,3369.47,4188.03,8493,10760.7,10516.1,13955.1,13763.7,14556,14871.4,15571.7,16225.4,17910.2,18888.5,20761.2,20589.7,20842.5,23738.2,21960.2,21847.8,19506.8,19629,22356.6,22692.7,22615.8,21124.3,20946.8,,
Belarus,BLR,99830,96217.8,87748.6,76209.4,64645.6,57507.8,58453.6,59020.5,57201.9,54957.9,52967.5,51720.2,51752.9,52525.9,55753.4,56464.6,58794.1,57326.9,60231.7,57177.3,61443.7,58325.8,59738.3,59891.2,59431.8,54871.3,55201.4,56247,59271.6,57681.2,54801.5,,
Belize,BLZ,340.3,441.6,382.5,405.7,402.7,405.2,330.6,419,399.6,374.4,425.2,481.4,449.7,450.2,409.6,435.3,461.2,491.6,450.9,532,531.2,573.4,465.3,457.4,483.7,675.1,651.3,643.1,630,736.2,687.6,,
Bermuda,BMU,,,,,,,,,,,,,,,,,,,,,,,,,,,,,,,,,
Bolivia,BOL,10407.9,10867.9,11173.7,10260.5,9565,8634.5,8331.2,9186.3,8728.6,8285.2,8108.1,7812.9,8339.5,8878.7,9382.4,9883,10714.9,11907.5,12734.2,13570.4,14702.2,15991.7,16961,18123.9,19478.3,20002.9,21328.7,21628.2,21881.2,21828.8,18375.3,,
Brazil,BRA,197897.4,205475.4,207865.4,215259.5,222497.5,241283.8,262414.1,281335,290587.2,300958.7,313670.8,319375.7,317756.5,310808.1,328517.3,331689.1,335624.6,352555.8,373633.1,350000.9,397931.1,418295.4,454232.9,486844.7,511618,485344.1,447077.3,455684.8,433838.8,434318,414138.8,,
Barbados,BRB,1004.32,1000.03,925.75,876.84,929.58,946.6,980.47,1068.52,1137.1,1208.7,1188.1,1216.8,1206.3,1249.9,1280.2,1326.1,1347.6,1367,1619,1599.7,1481.5,1516.25,1467.62,1439.47,1282.07,1269.57,1290.77,1179.97,1270.17,1167.27,1096.07,,
Brunei Darussalam,BRN,3260.3,3384.5,3585.4,3928.1,4265.1,4600.7,4827.2,5225.2,4517.9,4433,4717.9,4708.8,4620.1,5515.5,5103,4991.3,7520.8,7143.2,7912.5,7874.3,7170.8,7332.7,7299.5,7208.8,7080.3,6397.7,6968.5,7290.2,7540,7057.8,9588,,
Bhutan,BTN,185.39,182.8,205.11,177.05,205.9,246.03,296.56,381.17,377.42,378.53,388.84,379.31,411.52,377.73,313.51,395.42,397.5,398.71,422.62,396.83,493.18,744.2,833.9,908,1012.4,1042.1,1228.4,1309.5,1454.3,1433,1035.2,,
Botswana,BWA,2807.4,2734.7,3298.3,3249.7,3080.1,3189.8,2915.9,3066,3682.2,3858.5,4033.8,3865.6,4026.7,3915,3970.3,4278.6,4086.9,4319.8,4392.7,4186.58,3371.7,3883.337,3414.335,5421.539,6988.912,6949.712,6629.312,7337.512,8061.3875,7198.3,5763.687,,
Central African Republic,CAF,148,142,151.5,157.6,160.7,163.8,167,167,227.4,236.8,243.2,253,249.8,231,226.2,224.1,234.3,237.8,171.4,168.2,174.8,194.2,197.2,120.6,130.4,184.4,206.4,222.4,229.1,235.4,236.6,,
Canada,CAN,419492.2,413298.6,426367.3,422047.8,436764.6,448046,461700.7,476815.9,484791.8,494278.5,514215.1,506615.9,524353.4,544541.8,536417.3,549032.7,540525.6,571632,550553.2,521399.4,537091.5,549369.9,546291.6,555742.4,561760.5,558747.2,556874.1,568175.9,579573.9,566001.8,516873.7,,
Central Europe and the Baltics,CEB,991246.4,916298.1,850698.7,826253.11,805509.9,809241.02,835209.1,809596.6,760226.7,717907,710574.87,722553,707700.2,736222.1,735101.1,735068,753388.1,758838.8,740343.6,684780.6,708417.9,709498.9,682324.9,655837.7,635436.5,644756,656753.9,684083.3,678446.5,643612.1,598490.02,,
Switzerland,CHE,43326.5,45666.8,45702.6,43452,42593,43439.4,44006,42748.3,44247.3,44528.1,43708.8,45154.7,43573.3,44839.5,45283.9,45850.7,45479.3,43541.2,44962.5,43668.6,45207.8,41192.3,42516.6,43531.2,39793.3,39090.8,39666.5,38699,37481.3,37376.3,34916.1,,
Channel Islands,CHI,,,,,,,,,,,,,,,,,,,,,,,,,,,,,,,,,
Chile,CHL,30533.6,29243.4,30346.9,32465.1,35826.8,38972,44896.3,51285.2,52013.7,54430.3,50424.5,48425.1,49121.4,50200.6,54972.1,55968.9,57148.1,64574,67991.6,65450.6,69749.1,76470.5,78412.6,82998.5,76560.3,82260.4,86504.7,87136.9,86581.3,91915.4,84827.8,,
China,CHN,2173364.2,2302185.2,2418175.3,2645411.7,2767666.4,3088620.2,3070505.1,3134112.6,3236278.6,3153661.1,3346525.8,3529081.3,3796157.1,4424412.6,5113216.6,5824625.1,6437470.3,6993182.8,7199604.7,7719071.4,8474922.7,9282553.7,9540539.7,9979128,10021043.4,9859281.2,9860914,10089273.2,10567262,10762824,10944686.2,,
Cote d'Ivoire,CIV,2705.4,2791.5,2772.1,2957.3,3093.6,3365.1,4053.6,4972.6,4989.7,6831.4,6489.4,6494.3,6838.9,5307.6,5466.1,5876.5,5698.7,5657.8,6474.7,6031.2,6350.6,6118.3,8037.7,8692.4,9196.9,9805.7,9593.5,10563.8,10194.8,10838.9,10894.9,,
Cameroon,CMR,2900,6966.2,6846.8,5766.9,4619.3,4679.5,4755.4,4862.4,5040.5,4788.4,5209.1,5156.8,5133.3,5206,5122.6,5016.3,5091.7,6131.5,6393.5,7032.4,7014.4,6801.5,6866.7,7526.8,8222.8,8500.2,8974.7,9076,9749.7,9557.3,9928.4,,
"Congo, Dem. Rep.",COD,3179,1737.9,1482.42,1896.19,2208.23,2110.94,2271.34,2269.97,2275.74,2098.08,1634.93,1565.44,1650.2,1998.6,1939.7,2208.7,2282.8,2472.8,2553.3,2502.8,2653.9,3016.9,2827.3,3959.5,5136.1,3231.4,2421.14,2845,2813.9,3031.2,3025.6,,
"Congo, Rep.",COG,3201.15,3193.42,3128.17,2690.49,2054.7,2634.81,3168.04,3266.223,3875.7,3961.8,4346.986,4243.5,2755.2,3224.9,3514.5,4313.23,4777.96,4150.72,4360.59,4838.56,5423.35,5383.97,5260.75,5311.61,5175.1,5655,5497.6,5406.7,6216.9,7006.1,7153.9,,
Colombia,COL,49364.4,51098.7,53199.4,56659.9,57514.5,60043.3,59253.3,64837,65071.4,55922.1,58995.5,59588.3,57373,56716,56608.9,58187,58193,59709.9,60298.1,62670.6,64146.1,69771.1,70223.2,77725.4,80091,81017.2,83526.2,75674,79355.2,79186.7,79057.6,,
Comoros,COM,65.5,68.7,70.3,73.3,74.9,78,79.6,84.3,92.2,96.9,104.9,109.8,109.7,139.7,153.2,147,172.1,111.8,114.1,140.4,167.8,150,160.1,192.2,171.9,185.9,217.9,279,302.7,326.2,328.2,,
Cabo Verde,CPV,183.8,169.8,182.9,173.1,175.9,201.7,222.4,230.1,248.1,295.6,305.8,358.5,392,419.1,416,451.5,518.7,460,475.7,510.6,540.7,566.8,525.6,502,496.4,499.9,542.9,584.7,594.7,617.2,620.6,,
Costa Rica,CRI,2871.2,3061.6,4148.5,4180.9,4850.5,4809.8,4526.9,4493.9,5015.3,5034,4946.8,5422.7,5523.2,5798.9,5943.6,6273.9,6557,7602.5,7515.3,7198.5,7105.5,7430.8,7446.7,7778.7,7832.3,7537.9,8008.9,8173.5,8166.6,7956.4,6967.4,,
Caribbean small states,CSS,27695.208097,27978.372072,28528.882047,26203.362022,24806.982797,25222.981167,26225.193537,27077.785907,28405.224277,28791.492647,28485.22,30033.96,30811.46,34223.46,35110.06,36627.06,40350.77,41066.58,38498.49,35974.17,38301.47,39660.78,39118.25,40477.58,40085.4586,39284.4,37223.056,36313.3,37801.5,37614.99,32776.99,,
Cuba,CUB,35621.6,27418,21771.8,20152.3,21719.4,23175.5,25203.4,27448.2,27112.5,27998.5,28353.1,27465.1,26423.5,25628.6,25364.8,26317.9,26780.2,27677.5,26747.1,26979.6,28110,27586.3,28690.9,28869.7,26677.1,29209.8,27176.4,26241.3,26674.6,24418.5,24327.8,,
Curacao,CUW,,,,,,,,,,,,,,,,,,,,,,,,,,,,,,,,,
Cayman Islands,CYM,,,,,,,,,,,,,,,,,,,,,,,,,,,,,,,,,
Cyprus,CYP,4591.2,5109,5479.7,5735.8,5977.9,5848,6211.3,6304.9,6610,6871.1,7127.7,6992.1,7168.5,7834.1,7778.8,7900.8,7999.4,8307.1,8490.7,8276.1,7898.4,7634.6,7098.8,6427.7,6811.8,6851.9,7219.2,7361.2,7198.6,7191,6771.8,,
Czechia,CZE,153149.3,139757.1,136842.4,130982.2,125199.7,124519,128483.7,126005.8,119767.3,112359.9,124716.7,124341.3,120209.9,123372.9,123786,121893.6,122553.6,124432.8,118718.3,113246.1,114167.6,111220.1,107320.2,102910.3,99960.6,101167.5,102998,103549.9,102734.3,97712.9,88835.2,,
Germany,DEU,955307.7,932548.1,892817.4,887057,875897.1,874659.4,904337.4,872646.5,865253.7,833594.9,830284.1,847678.2,833382.2,836794.5,821073.6,802383.2,814413.1,783803,789690.4,734805.5,773069.1,746477.3,760127.7,776151.8,736011.7,742314.4,747147.2,732204.2,707770.2,658693.5,603350.5,,
Djibouti,DJI,274.1,288.2,304.5,305.8,295.5,315.8,296,331.8,393.8,393.3,373.4,376.5,399.6,414.4,395.8,429.3,432.6,470.2,474.3,465.5,519.1,474.9,492.6,558.79,402.17,446.55,395.47,403.4,414.9,428.27,427.7,,
Dominica,DMA,62.7,62.7,62.8,66.1,69.4,83.1,69.7,91.1,92.9,102.3,125.3,139.1,105.6,121.5,144.3,148.4,155.3,164,165.7,163.8,172.5,152.1,167,171.4,180,180.9,182.5,165.6,165.3,174.1,162.8,,
Denmark,DNK,51978,62700.3,56970.3,59301.1,63171.5,60038.4,73375.1,63617.3,59710.3,56728.5,52602,54245.4,53839.7,59234,53727.6,50201.9,58134,53411.4,50127.7,47933.6,48124.8,43098,38216.2,39960.7,35820,33704.9,35340.3,33184,33133.3,29696.5,27356.5,,
Dominican Republic,DOM,7860.7,8229.6,9620.4,9520.4,11138.3,11844.7,12728.5,14502.8,16616.1,17794,18670.6,18983.7,20884.1,18725.2,17282.2,18690.8,20368.5,20626.8,20581.3,19657.2,20680.8,20913.9,21681.5,21287.2,21450.7,23590.5,24593.5,23551.3,25366,25775.2,22881.3,,
Algeria,DZA,62936.9,66428.5,66844.6,72219.1,73606.2,76440.2,76123.8,74433.2,74649.1,77505.3,80046.8,78645.5,82404.3,88188.9,89492.7,94187.8,99808.7,102750.2,107745.5,112172.2,114179.4,120784.9,134934.2,139024.1,147735.2,156273,154654.3,157704.4,164534.1,170582.4,161563,,
East Asia & Pacific (excluding high income),EAP,2665961.556,2823141.84,2950892.095028,3212685.429589,3367636.986445,3749195.491962,3774435.93135,3886600.519183,3969055.628127,3925971.507523,4141518.42,4366771.71,4664764.44,5344565,6090553.99,6834676.03,7477420.9,8074794.43,8311664.1,8816028.69,9654293.1,10515988.7,10809799.3,11252643.83,11372410.3,11254077.3,11291996,11608128.4,12214599.4,12535996.7,12660698.2,,
Early-demographic dividend,EAR,2612523.044097,2739316.112072,2812697.397075,2911432.941611,3047080.402242,3182800.872129,3339765.414887,3502837.95509,3610180.567404,3727213.88017,3867900.42,3962589.65,4084583.54,4252138.45,4480288.94,4670965.26,4924956.37,5220062.37,5419740.08,5581244.39,5857230.62,6085825.117,6383658.605,6455704.659,6781898.692,6839149.542,6951805.908,7211474.182,7382656.3575,7347348.73,6805648.307,,
East Asia & Pacific,EAS,4322250.256,4523221.24,4690840.495028,4985060.629589,5229346.686445,5662345.191962,5738115.43135,5869798.919183,5862285.528127,5901423.807523,6188981.82,6419834.11,6763372.54,7452441.4,8227512.79,8976141.83,9611423.1,10269588.53,10453538.8,10916830.29,11863420.2,12805112.1,13143266.3,13591102.73,13640572.8,13510201.2,13550289.3,13869889,14437176.3,14703257.4,14708135.6,,
Europe & Central Asia (excluding high income),ECA,3838019.540257,3730906.740692,3506475.403865,3198472.599997,2839358.722545,2746260.83624,2654664.474239,2517460.926938,2516228.874585,2510998.670108,2577216.352393,2565856.51822,2599642.599476,2707914.413348,2707329.097687,2722434.9,2833981.6,2891014.6,2930278.56,2703712.95,2840620.8,2997334.1,2959664.3,2904794.2,2811027.4,2739709.6,2771362.1,2832835,2913541,2922190.2,2830714.8,,
Europe & Central Asia,ECS,7966959.675113,7846626.453843,7499646.758356,7110491.562417,6738164.877635,6687518.121854,6714980.890606,6490296.501429,6487492.669298,6429218.086505,6507573.874391,6566293.03127,6578328.567749,6788126.321864,6793339.070517,6788006.384322,6908752.5068,6907496.871925,6856012.433867,6339923.148673,6579733.278439,6594980.407993,6524680.837447,6386728.464887,6104308.52317,6073951.401794,6099478.730256,6166584.297397,6177967.890403,6034379.546716,5641772.700492,,
Ecuador,ECU,15422.6,15740.3,16845.2,16952.8,18804.1,20917.9,23997.7,24953.6,24469.9,21614.4,22051.5,24251.5,24172.3,24655.8,26177.7,28220.3,30126.3,30635.9,31688,34498.5,37254,37096.6,37085.1,39701.1,41801.2,41390.3,39791.7,38549.3,40273.2,39631.4,34431,,
"Egypt, Arab Rep.",EGY,87745.4,89369.5,90903.6,92661.9,87900.8,93722.3,98940.1,106057.6,110982.4,116535.3,114614.4,126704.4,129441.2,133020.4,144503.9,162217.1,170745,183395.7,189935.2,197660.5,200313.3,205767.3,215000.9,213856.4,219121.1,226283.6,235425.8,244540.5,237983,217908.3,210752.3,,
Euro area,EMU,2625211.1,2641358.7,2565850.1,2512544.91,2512016.3,2559822.72,2616895.9,2589693.9,2630979.9,2614065.7,2632598.97,2679463,2684265.9,2741292.4,2754053.7,2746418.1,2729756.3,2692546.8,2635002.3,2438244.8,2502105.4,2412403.2,2382523.5,2333241.5,2209017.5,2256390.7,2256275,2259522.6,2202668.9,2095558.337,1872835.52,,
Eritrea,ERI,0,0,435.7,630.7,730.66,796.67,870.42,824.07,611.05,646.32,633.19,692.92,679.15,684.98,703.5,589.83,529.57,516.52,449.31,467.83,502.95,595.89,625.34,589.43,592.22,570.9,580.5,581.47,677.7,697.2,706.4,,
Spain,ESP,214950.6,222099.7,232369.6,218079.8,228452.7,240567.3,230113.2,248603.1,256215.5,278300.5,293314.3,294786.8,312753.3,318657.7,335560.3,350499.8,341776.3,354683.1,324274.2,288131.2,274140.6,275470.1,270280.4,243794.9,241979.9,257251.2,248252.1,264723.7,258373.2,241886.5,202705.8,,
Estonia,EST,34544.9,31869.2,23010.6,18332.1,18685.7,16498.1,17480,17858.5,16427.8,15487.3,14932.5,15231.7,14795.1,16682,16755,16807.7,16090,19765.8,17481.5,14047.9,18500.4,18502.6,16989,18846.5,17594.9,14377.1,15907.2,16773.5,15716.9,10060.7,7097.52,,
Ethiopia,ETH,2310.7,2333.1,1517.2,1941.3,2261.4,2574.7,2870.5,3058.4,3227.6,3176.6,3557,4401.3,4571.5,5022.4,5334.2,5049.5,5404.8,5963.5,6487.7,6534.5,6473.2,7551.5,8559,10190.8,12490.3,13046.3,15247.2,15882.4,17028.4,17708,18098,,
European Union,EUU,3567900.9,3530556.1,3414360,3350884.41,3340150.1,3391251.72,3490934.2,3421979.1,3413106.8,3355112.6,3364061.47,3421057.2,3412869,3502699.1,3507059.1,3489983.9,3498536.7,3456870.4,3378385.8,3131197.5,3215802.7,3121388.9,3061105,2984329.5,2839976.1,2897317.9,2907404,2932145.5,2867932,2729768.437,2465025.42,,
Fragile and conflict affected situations,FCS,1048294.010181,1011796.297094,964972.850723,915663.549142,846579.971085,855511.175767,830252.441325,837187.024587,787773.207441,765267.100746,790011.143652,815387.911617,808605.232257,838486.016164,827935.186363,841070.693225,843265.126212,837503.184679,862219.515288,818411.601108,883972.857224,887772.307189,927721.76,943408.52,918574.88,834153.97,845830.84,837379.39,866573.51,854476.82,759327.426,,
Finland,FIN,54562.8,55132.7,52280.5,53461.8,59927.6,56092.5,62574.4,60624,57265.6,56509.9,55097.5,61088.1,63439.7,71708.1,67682.9,55460.2,67024.9,65102.7,56660.1,54180.9,62526.4,55123.4,49408.1,50191.3,46161.7,42815.4,45700.3,43015.4,44395.5,40987.1,36329.9,,
Fiji,FJI,712.98,721.15,758.35,745.09,743.33,751.67,808.6,785.91,766.25,786.32,836.58,1040.4,877,1036.5,1319.6,1071.1,1200,1128.8,863.4,766.7,1126.3,1055.8,993.5,1066.9,1213.6,1263.8,1198.6,1331.1,1387.2,1393.5,1028.2,,
France,FRA,356297.9,380691.3,368655.7,349524.6,344475.4,352283.1,367959.6,359140.5,381182.3,375003.6,373235.8,376860.3,371167.2,376838.7,377948.5,380816.1,371741,363052.2,358211.2,343882.5,347940.1,335031.9,338315.4,338453.1,306017.4,311175.4,313835.2,317721.2,306948.4,300561.6,267154.7,,
Faroe Islands,FRO,,,,,,,,,,,,,,,,,,,,,,,,,,,,,,,,,
"Micronesia, Fed. Sts.",FSM,0,0,140.1,149.7,159.2,184.8,191.1,201.3,214,199.3,187.3,173.9,158.3,168.5,149.7,122.2,120.8,135.6,117.1,152.2,105.2,119.3,132.4,138.5,141,144.9,147.1,146.7,147.8,148.2,107.5,,
Gabon,GAB,4099.12,4556.56,4531.88,4654.94,4615.51,5211.04,5806.06,5564.93,6389.29,6027.89,6080,6225.75,5955.4,6436.4,6091.1,6058.3,5437.1,4941.11,5272.57,5207.58,5762.09,5777.14,5601.97,5790.27,5962.05,6115.8,6383.7,5344.7,5120.4,5274.5,5349.2,,
United Kingdom,GBR,561774.5,570681.6,557885.6,541376.4,535183.2,526808.2,545478.1,524191.2,526000.6,522752.6,530888.2,545262.2,530785.9,543037.1,543075.9,540917,542060.8,530502.5,515335.6,466492.5,482646.2,445648.4,467831,453778.1,415609,401075.3,382154.9,366844.1,360555.9,345934.3,308650.3,,
Georgia,GEO,33488.3,25505.9,20072.9,16093.7,10443.86,8177.32,6363.3,5518.89,4990.37,4522.2,4772.8,3516.2,2958.4,3157.2,3373.1,4243.1,4701.3,5626.6,4838.8,5624.3,5322.1,6521.8,7193,8024,8654,9399.4,9813.6,9907.1,9725.2,10549.6,10255,,
Ghana,GHA,2516.9,2257.2,2657.6,2696.5,2914.6,3184.4,3483.3,3604.6,5438.7,5818.9,4949.5,5444.5,6669.7,6381,5924.8,6331.1,7798.5,8418.5,7966.9,9320.3,10382.6,10803.1,12876.5,13899.7,13366.7,14320.7,14545.3,15135,16774.9,18039.1,19401.16,,
Gibraltar,GIB,,,,,,,,,,,,,,,,,,,,,,,,,,,,,,,,,
Guinea,GIN,999.1,1024.9,1055.3,1085.2,1121.9,1161.5,1230.4,1289.9,1362.6,1433.9,1494.9,1568.5,1630.5,1707.9,1772.9,1835.6,1901.4,1978.5,2012.8,2124.1,2502.8,2621.7,2468.8,2160,2225.7,2522.3,2806.5,3321.6,3735,4517,4537.9,,
"Gambia, The",GMB,194.5,198.1,198.1,207.2,207.2,216.9,219.9,229.3,244.9,259.9,244.8,308.6,296.2,296.2,314.6,329.5,357.2,409,427.7,484.9,434.2,446.9,452.9,430.6,506.8,585.9,593.2,602.3,597.8,606.9,611.4,,
Guinea-Bissau,GNB,171.9,173.1,177.6,185.2,183.6,185,177,197.3,172.4,191.6,147,148.2,153.6,195.1,205.4,209.5,216.7,229.9,223.6,234.6,241,243.5,246,247.4,263.6,281.9,305,306.6,317.8,325.3,329,,
Equatorial Guinea,GNQ,69.6,72.6,901.9,974.5,1050.5,1117,1224.9,1687.9,2051.9,3307,1982.3,2892.6,2543.5,2795.3,5517.6,5609.9,5584.4,6326.2,5816.1,6066.1,6047.8,6089.1,5868.9,5990,5946.6,5494.2,5830.1,5369.3,5068.5,4876.5,4350.4,,
Greece,GRC,75619.4,75818,78176.9,78090.9,79730.8,82834.5,82753.7,83761.7,87127.2,87395.5,94460.6,96607.8,96596.2,100216.6,99844.6,101947.3,100702.8,104309.9,100405.6,94740.2,87578.5,84547.2,80085.3,72484.2,69548.7,68010.2,66848.6,66795.5,65021.2,59990.3,51002.2,,
Grenada,GRD,114.9,121.8,125.5,129.3,138.9,149.4,173,183.2,198,205.2,198.6,207.2,210.5,223.2,216.8,228,235.9,250.8,261.5,262.4,273.6,260.3,278.6,317.1,253.5,272.6,277.4,287.5,320.3,346.2,324.5,,
Greenland,GRL,,,,,,,,,,,,,,,,,,,,,,,,,,,,,,,,,
Guatemala,GTM,3932,4034.7,4834.9,5118,5445.4,6369.1,6202,6566.3,8305.3,8218.5,9443.3,9840,10494.3,10568.6,10780.4,11557.6,11550.1,12442.2,11272.3,11884.4,11477.6,11774.9,12183.7,13046.3,13998.5,16455.9,17451.9,16530.1,18075.7,19017.8,16865.2,,
Guam,GUM,,,,,,,,,,,,,,,,,,,,,,,,,,,,,,,,,
Guyana,GUY,1171.9,1144.2,1080.7,1087,1413.1,1530.6,1580,1722.2,1747.6,1735.8,1660.3,1643.8,1621.9,1617.8,1671.7,1481.6,1332.8,1605.2,1603.7,1627.2,1759.3,1831.6,2000.8,1975.6,2063.3886,2079.93,2478.6,2473.8,2587.1,2795.9,2768.5,,
High income,HIC,11431204.714856,11426219.563151,11461159.154491,11543226.82242,11729499.56509,11897952.965614,12265568.566367,12504640.374491,12493836.314713,12571708.396397,12857970.821998,12923293.83305,12842274.548273,13069861.818516,13209657.27283,13256910.784322,13201018.6068,13365230.371925,13096255.973867,12354107.898673,12887172.878439,12666917.357993,12522106.257447,12611681.634887,12411919.08177,12370867.601794,12276032.900256,12200901.367397,12221420.260403,11869050.116716,10864997.070492,,
"Hong Kong SAR, China",HKG,,,,,,,,,,,,,,,,,,,,,,,,,,,,,,,,,
Honduras,HND,2453.7,2454.6,2734.2,2900.7,3252.1,3868.5,3904.6,4036.7,4679,4745.2,4987.2,5800.1,6087.8,6726.2,7557.8,6973.6,7974.5,8536.1,8587.1,8072.9,7926.8,9470.4,9985.4,9685,9884.1,10538.2,10394.7,9377,9031.3,10196.4,8835.4,,
Heavily indebted poor countries (HIPC),HPC,59679.75,61800.5628,61682.293,59177.292,59789.644,63207.063,66857.095,71473.086,75518.595,78133.474,79236.603,82995.648,87765.76,91838.104,96808.522,101825.947,110324.642,118850.086,124934.147,133168.86,143523.907,155242.9249,164030.6,172090.18,182498.5086,194550.88,204997.72,212449.09,221875.68,235656.82,224996.636,,
Croatia,HRV,20341.4,14744.9,15031.2,15536.5,14865,15452.9,15254.4,17069.6,18527.5,18513.6,18034.4,19196,20276.7,21607.9,21092.7,21445,21598.3,22872,21726.3,20305.9,19457.3,19027.6,17403,17010.6,16236.4,16602.3,16876.8,17407.9,16433.4,16523.3,15626.9,,
Haiti,HTI,1020.42,1001.6,901.01,694.5,189,902.3,1058.2,1274.2,1310,1381.7,1473.3,1600.5,1827.2,1810.3,1666.8,1704.8,1718.8,2045.4,2029.3,1991.4,2458.2,2697.54,2415.34,2650.86,3021.14,3280.44,3364.54,3326.24,3289.74,3317.34,3209.04,,
Hungary,HUN,67421,64552.2,58001.9,58382.4,57784.3,57431.3,58454.9,56990.1,57353.3,57910.5,54633.3,56280.4,55599.9,58186.9,56349.8,55921.2,55457.5,53850.4,53014.2,47839.1,47880.5,46907.3,43427.2,40762.6,40625.2,43384.1,44248.4,49449.8,49202.9,47261.8,44769.3,,
IBRD only,IBD,8932851.548354,9042337.602764,9027596.935912,9090520.142019,9033243.735342,9453145.487407,9542421.227776,9665417.822845,9747255.073862,9737601.162755,10112500.232393,10424840.67822,10813590.109476,11713930.133348,12668614.817687,13582248.01,14512525.17,15401788.09,15864152.26,16269906.92,17493003.36,18681912.707,19248774.835,19792020.549,20038180.862,19836736.512,19913335.898,20409330.842,21214156.1175,21462940.42,20952613.307,,
IDA & IBRD total,IBT,9355846.65953501,9481601.569658,9471676.055663,9529523.03975,9461070.429872,9894124.281136,10013909.712451,10146379.119615,10245927.27943,10251558.285024,10647805.916045,10977442.979837,11368770.501733,12282835.556512,13262195.66405,14195904.770225,15148734.180212,16058158.214679,16535903.892288,16934330.031108,18195832.897224,19410301.744189,19971471.635,20532522.319,20808546.9406,20620384.742,20755543.988,21305472.432,22135333.6975,22406640.81,21862973.943,,
IDA total,IDA,422995.111181,439263.966894,444079.119751,439002.897731,427826.69453,440978.793729,471488.484675,480961.29677,498672.205568,513957.122269,535305.683652,552602.301617,555180.392257,568905.423164,593580.846363,613656.760225,636209.010212,656370.124679,671751.632288,664423.111108,702829.537224,728389.037189,722696.8,740501.77,770366.0786,783648.23,842208.09,896141.59,921177.58,943700.39,910360.636,,
IDA blend,IDB,281986.53,298836.77,310019.92,309791.18,295781.73,300168.48,319586.84,321642.433,330029.15,339086.22,355972.766,364006.3,358228.8,360578.4,375386.3,375055.23,385155.26,387040.12,392838.39,378407.16,400194.95,411020.57,397276.85,413788.91,425235.4,425262.9,451539.2,471480.4,470381.4,478944.6,465301.4,,
Indonesia,IDN,148342.9,162314.5,171415.6,185087.3,199175.8,223678.8,236717.1,261157,262705.1,279482.9,280635.7,302055,305633,333878.1,341235.4,342148.1,364467,379956.6,376137.8,391082.7,415536.6,475800.9,481791.3,448400.2,484640.1,489052.8,483978.7,515395.7,568007.6,605290.6,563197,,
IDA only,IDX,141008.581181,140427.196894,134059.199751,129211.717731,132044.96453,140810.313729,151901.644675,159318.86377,168643.055568,174870.902269,179332.917652,188596.001617,196951.592257,208327.023164,218194.546363,238601.530225,251053.750212,269330.004679,278913.242288,286015.951108,302634.587224,317368.467189,325419.95,326712.86,345130.6786,358385.33,390668.89,424661.19,450796.18,464755.79,445059.236,,
Isle of Man,IMN,,,,,,,,,,,,,,,,,,,,,,,,,,,,,,,,,
India,IND,563575.4,607224,626293.3,651351.1,685903,737856.4,774070.2,819268.8,836269.9,901325.2,937858.4,953537.3,985453.3,1011770.9,1085666.9,1136466.4,1215205.2,1336737.1,1424383,1564881.1,1659983,1756744,1909442,1972429.4,2147107,2158023.2,2195248.5,2308804.4,2458175.9,2423951.4,2200836.3,,
Not classified,INX,,,,,,,,,,,,,,,,,,,,,,,,,,,,,,,,,
Ireland,IRL,30961.5,31466.7,31505.4,31653.6,32818.7,33448.2,34821.2,35972.5,38419,39973.3,42533.5,44815.3,43929.8,44086.8,44687.6,46650.5,47263.3,46604.8,45911.3,40583.3,40347.7,36488.1,37009.5,35688.2,35556.5,37087.2,39009.8,37729.1,37473.6,35812.2,33742.2,,
"Iran, Islamic Rep.",IRN,198471.7,219101.2,233650.9,236729,266697.1,271519.5,279812.1,292398.6,290997.4,323360.4,340456.2,354068.4,369875.8,389777.1,417660.4,450795.7,484179.1,514142.8,523048.3,542297.1,541171.1,552050.9,559122.1,583703.1,605356.1,599182.7,607216.3,626427.9,637433.7,625251.5,616561.3,,
Iraq,IRQ,64206.4,45545.1,67338.2,89562,102116,100068.8,98880.8,118910.2,91784.1,72714.4,87630.5,97553.3,91164.8,81278.1,88108.3,85127.9,82958.1,76650.1,88136.3,94205.5,108550.3,113039.8,129004.3,139103.6,134045.9,133169.7,143281.1,156456.4,168154.3,180687.6,163511.5,,
Iceland,ISL,1947.46,1913.98,1944.8,1983.65,2090.64,2001.14,2266.72,2153.97,2153.38,2115.39,2225.44,2163.29,2243.77,2226.41,2309.99,2261.25,2311.85,2382.97,2182.63,2108,1959.124,1888.35,1859.9,2031.8,2047.5,2057.5,1633,1671,1699.3,1638.2,1446.6,,
Israel,ISR,33805.9,34523.6,36857.3,40504.6,43361.2,46775.3,48734.1,50967.4,51504.7,52983.6,56997.3,57952.5,61080.6,62925.5,63159.9,61012.4,64331,66597.9,66708,65727.7,70520.3,69822.8,76063.2,67002.5,64717.8,66314.7,65233,65906.3,61424.5,62796.3,58471.8,,
Italy,ITA,405262,404074.1,402274.3,396927.9,392285.5,416415,412153.5,415517.3,426372.2,433010.6,436296.6,436571.4,443473.1,462197.8,472404.8,473831.8,466654.5,459371.1,444984.5,397057.1,405272.3,396687.4,376747.2,346458.3,327498,337862.1,333344.8,329193.3,324884.2,317223,281286.8,,
Jamaica,JAM,7466.8,7405.3,8148.5,8327.1,8384.8,8682.8,9047.7,9204.3,9731.1,9986.5,10071.4,10086.3,10251.4,10597,10572,10563.7,12059.8,12029.5,9625.4,7889,7479.8,7529.4,6959,7402.3,7191.3,7088.7,7549.5,7225,8589,8394.3,5835.6,,
Jordan,JOR,9934,9781.2,11925.3,12203.8,12994.3,13604.1,13868.3,14373.6,14616,14630.8,16268.1,16250.9,16873.5,17309.8,18580.9,19869,20167,21090.3,20009,20665,20196.8,20756.3,24123.3,23803.7,25553.1,25309.1,24730,26021.8,24710,23147.9,20974.1,,
Japan,JPN,1090508.1,1103961.3,1115035.1,1107586.8,1160755.1,1170985.4,1184646.6,1172604.1,1130280.5,1168954.7,1184424.9,1172339.5,1206760.2,1213929.5,1207285.7,1215474.4,1193043.3,1227990.8,1158836.1,1102386.2,1157241.8,1213775.6,1254319.4,1267376.2,1217306.6,1178349.1,1164869.4,1150835,1111115.3,1073645.3,1014064.7,,
Kazakhstan,KAZ,237250.9,246366,253841.7,219245.6,199170.1,175237.63,153394.84,132240.74,135838.36,122649.272,120151.999,117443.4,131067.44,146142.22,158029.6,169217.6,185299.3,198392.4,242038,213617.1,229702.2,245455.3,244599,260015.4,209261.3,191059.6,202475.7,214897.7,216896.7,204592.2,211896.7,,
Kenya,KEN,6269,6017.7,6088.8,5991.3,6107,6571.2,7198.2,6797.8,7411.2,7712.5,8630.2,7879.7,7664.8,6837,7662.7,8707.6,9765.4,9868.9,10411.7,12424.4,13424.4,13963.9,12981.3,14387.7,16700,18090.3,19310.1,20097.2,19253.9,19481.9,19446.8,,
Kyrgyz Republic,KGZ,22762.3,20422.9,13764.1,10080.7,6544.5,4594.3,5760.6,5679.5,6022.3,4784.7,4643.3,3962.1,4965.1,5579.7,5557.9,5307,5362.3,6473.1,7441.5,6734.6,6394.4,7690.4,10146,9455,9848.5,10266.6,9675.6,9439,11306.8,10017.4,9080.1,,
Cambodia,KHM,1260.416,1304.384,1348.352,1384.992,1425.296,1470.8,1529.8,1640.6,1882.2,1907.1,1963,2152.6,2210.9,2378.2,2377.8,2657.5,2963,3660.73,4055.5,4745,5140.8,5363.7,5673.9,5737.6,6947.2,8432.6,11066.4,12660.5,13555.7,18093.2,18652.8,,
Kiribati,KIR,24,24.7,25.2,29,27.3,30.1,34.6,32.9,31.4,32.1,35.5,34.7,43.7,46.5,50.8,61.8,68.3,58.2,64,58.6,54.3,54.2,57.7,63.8,60.1,60.7,56.7,72.7,73.2,73.6,56.9,,
St. Kitts and Nevis,KNA,113.7,115.3,117.5,120.5,131.3,134.6,141.4,148.1,160.3,168.1,181.2,188.8,201.8,201.9,219.2,203.6,210.4,224.5,221.3,228.6,229.2,236.4,229.1,227.2,228.4,237.6,244.6,243,245.2,247.5,231,,
"Korea, Rep.",KOR,247675.8,274792.7,297049.9,327604.4,354277.1,385406,409990.3,431637.6,366567.2,401878.5,447237.3,456674,461000.1,463913.9,485909.6,481002.1,487852.1,503693.8,514924.5,526639.5,575215.7,598480.8,600316.3,599601.4,588088.6,607827.1,615443.6,626178.4,630186.6,612133.7,569681.8,,
Kuwait,KWT,29128.4,7823.39,23045.8,30742.6,36671.6,36248.7,35628.6,37306.5,42133.6,45741.6,49838.2,53188.7,55593.6,58121,61917.8,69910.7,72438,70599.5,75847.1,77654.2,80725.6,83291.1,85316.1,87363.8,85576,89021.7,91376.2,90378.3,92652.1,93863.6,92308.9,,
Latin America & Caribbean (excluding high income),LAC,734026.008097,760924.142072,772884.542047,794713.922022,837714.102797,850456.581167,904035.623537,960121.665907,1003199.824277,997471.292647,1036523.12,1037180.96,1036555.56,1058060.56,1104560.66,1137549.56,1174509.87,1218568.18,1248527.39,1209300.57,1293925.57,1352458.47,1401130.17,1442058.97,1459341.64,1460444.24,1431232.126,1417992.07,1375196.37,1376833.06,1242200.06,,
Lao PDR,LAO,512.96,545.936,595.573028,610.267589,638.320445,674.951962,781.46135,826.369183,852.378127,878.107523,903.07,997.81,1105.48,1151.44,1211.21,1257.28,1642.8,1734.3,2048.2,2537.5,2877.1,3043,3271.9,4160.8,4344.5,8875.9,15702.2,19054.5,19663.8,19170.9,19178.9,,
Lebanon,LBN,5622.1,7039.89,7021.4,10326.3,11274.4,13304.9,14123.6,16127.5,16255.4,17035,15672.8,16890.9,16836.2,17414.9,17879.3,17278.9,16233.7,15039.6,18646,21902.7,20864.3,21175.1,23470.1,23244.5,25151,27016.8,27755.1,29170.9,27401.3,26916.5,21474.9,,
Liberia,LBR,453.82,374.5198,402.374,420.769,418.824,422.237,435.902,454.743,490.455,399.774,425.81,448.27,443.76,476.087,558.67,667.8,687.15,641.07,540.16,533.84,729.76,848.18,944.15,905.21,1205.1,1247.8,1397.89,1268.4,1126.6,1146.2,1179.5,,
Libya,LBY,28603.5,28821.6,26342.3,30590.9,38651.8,43491.8,45439.7,42204.9,41902.4,43223.2,44724.9,44456.9,45596.1,48931.5,48469,53004.1,52930.4,49395.5,53275.9,56404,59559.6,41506.4,58315.1,59767.3,59289.1,51331.2,48694.8,52095.1,54100.1,54692.7,44467,,
St. Lucia,LCA,192.8,200.8,227.2,252.1,278.3,292.9,313.1,314,345.4,361.2,366.8,386.6,373.3,396.2,416.9,411.1,431.6,440,444.9,444.2,507.7,501.6,507,506.4,505.9,501.2,505.5,530.9,527.9,534.6,499.2,,
Latin America & Caribbean,LCN,890406.328097,916268.072072,932183.392047,957706.062022,1001714.382797,1025898.381167,1094670.293537,1163785.485907,1211348.424277,1204595.592647,1244867.42,1249594.66,1254473.76,1275035.96,1331938.06,1376348.66,1418262.47,1464903.18,1508544.09,1468649.67,1570608.87,1635034.92,1707709.79,1752196.84,1760980.0986,1750693.94,1710227.796,1685948.34,1633570.34,1620695.03,1438080.03,,
Least developed countries: UN classification,LDC,66386.481181,65774.496894,66917.499751,69719.717731,76644.22453,86209.173729,92262.644675,98566.22377,102065.240568,108040.332269,110415.307652,118442.851617,123533.582257,134927.623164,141974.726363,149383.130225,158367.750212,169147.404679,179175.182288,194174.301108,210097.687224,223558.967189,234517.25,255682.26,275307.09,286660.2,313185.29,339806.49,359297.88,370595.59,351230.476,,
Low income,LIC,180897.955181,177458.756894,162884.604723,154687.818142,151769.088085,149647.861767,144403.233325,143631.874587,142412.542441,149740.174746,156945.237652,162517.451617,161348.832257,168692.453164,174600.106363,192793.730225,201912.750212,197405.364679,211118.762288,196252.771108,196253.707224,181921.827189,170273.61,155154.11,160504.78,144653.01,149210.28,179017.85,183120.34,191195.28,179664.936,,
Liechtenstein,LIE,198.970856,206.329151,206.950491,215.03442,201.11109,204.201614,205.960367,218.376491,229.238713,226.566397,216.859998,214.67105,220.018273,229.354516,229.39083,228.986322,231.1208,200.793925,219.535867,205.374673,190.830439,176.781993,185.325447,192.544887,161.25917,159.773794,149.838256,155.769397,142.950403,149.025716,141.996093,,
Sri Lanka,LKA,3839.2,3985.4,5248.3,5091.3,5766.8,5816.4,8355.3,8340.5,8608.4,9496.3,10928.9,10848,11385.2,12412.3,12868.2,13984.4,12404.9,13591.6,12810.7,12291.4,13071.8,15410.2,17440.4,14448.4,17458.3,19240.9,23167.6,23140.5,21690.3,23427.9,21846.3,,
Lower middle income,LMC,2103131.876,2154972.12,2127063.985028,2093992.369589,2065517.946445,2143564.011962,2176837.22135,2248837.052183,2270538.213127,2388906.027523,2459953.196,2525893.95,2597706.72,2695494.33,2830470.42,2943732.08,3093238.66,3298000.76,3426922.47,3562625.33,3744660.33,3916449.71,4116165.79,4244071.39,4483108.91,4515567.19,4664838.81,4856633.84,5105467.74,5122757.31,4819595.8,,
Low & middle income,LMY,8813945.259535,8960270.369658,8951857.255663,9003257.93975,8935097.029872,9346332.181136,9424897.812451,9563289.519615,9692178.77943,9729521.185024,10139747.416045,10461682.279837,10849988.601733,11749704.856512,12719151.46405,13646458.170225,14578574.380212,15475011.214679,15953145.392288,16362071.531108,17591125.597224,18781990.744189,19332864.235,19895263.019,20194597.152,20008374.912,20146301.188,20716381.032,21553786.3975,21860472.61,21383256.243,,
Lesotho,LSO,1395.5,1447.7,1503,1544.2,1584.1,1614.7,1644.1,1674.7,1705.6,1725,1747.5,1770.8,1800.8,1825.1,1871.9,1901.5,1923,1959.3,2007.4,2101.7,2158.8,2885.2,2919.6,2206.5,2349,2144.2,2126.2,2402.3,2276.6,2300.1,2311.9,,
Late-demographic dividend,LTE,6243759.680257,6305399.720692,6287917.303865,6321620.339997,6231096.992545,6542003.54624,6550647.534239,6524740.406938,6588210.889585,6527788.670108,6792280.742393,7035679.65822,7344268.219476,8087901.583348,8874602.047687,9663246.6,10403909.25,11042154.87,11378270.63,11660926.99,12652493.224,13619083.75,13934530.3,14412246.33,14427628.7886,14263640.03,14269982.4,14577571.8,15162115.4,15468044.3,15488347.62,,
Lithuania,LTU,32217.9,34291,19998,15754.1,14819.2,13745.8,14239.8,13924.1,14706.6,12247.2,10515.9,11155.5,11223.2,11232.7,11915,12829.2,13019.7,13209.6,13066.4,11692.1,12603,11845.6,11925.8,11331.1,10862.9,11067.4,11203.1,11222.2,11652.5,11735.8,11693.8,,
Luxembourg,LUX,11285,11753.4,11435.5,11645.3,10810.6,8659.9,8736.8,8242.2,7565.5,7920.3,8556.7,9118.5,9818.3,10241.6,11659.8,11912.9,11717.2,11114.4,11022.5,10442.9,11029.1,10906.8,10698,10173.3,9643.2,9133.4,8845.9,9006.5,9320.8,9500.3,7853.1,,
Latvia,LVA,18777.4,17201.5,13974.8,11757.31,10223.5,8996.82,9009.4,8528.6,8132.5,7548.9,6929.57,7357.2,7352.2,7593.2,7616.5,7715,8199.9,8531.8,8105.9,7364.1,8518.1,7897.3,7570.7,7452.4,7282.3,7315.9,7145.3,7116.7,7785.2,7569.1,6928.3,,
"Macao SAR, China",MAC,,,,,,,,,,,,,,,,,,,,,,,,,,,,,,,,,
St. Martin (French part),MAF,,,,,,,,,,,,,,,,,,,,,,,,,,,,,,,,,
Morocco,MAR,21497.8,23119,24879,25577,27712.5,28791.8,28484.7,29903.8,30634.6,32198.7,32876.5,36273,37470,37251.1,41009,43579.9,44991,46341,48630.2,48765.7,51749.5,55923.5,58076,57595.5,58691.7,60362.5,60289.9,63014.9,64286.1,70986.3,66719.5,,
Monaco,MCO,,,,,,,,,,,,,,,,,,,,,,,,,,,,,,,,,
Moldova,MDA,30532.1,24599.5,20322.2,17414.1,14138.2,12141.5,10402.7,9580.4,8649.1,7352.4,6709.6,7017.8,7182.4,7765.4,7775.9,8175.6,7975.1,8139.2,8150,7638.1,8295.1,8344.5,8137.3,7181.5,7712.2,8020.6,8143,8064,8555.9,8921.6,8611.2,,
Madagascar,MDG,891.13,952.69,964.66,996.72,1213.12,1371.8,1308.3,1419.42,1626.94,1669.63,1654.02,1669.04,1121.93,1553.4,1645.54,1709.64,1637.09,1723.1,1780.34,1686.22,1869.8,2193.89,2741.74,2930.23,3010.62,3284.62,3181.72,3481,3304.87,3927.7,2745.45,,
Maldives,MDV,156.7,159.6,225.1,202.6,204.6,261.4,281.6,338.3,311,429.9,462.2,481.3,614.4,528.5,693.1,626.9,790.5,810.6,870.6,916.6,963,1012.8,1144.6,1128.5,1355.2,1339.3,1465.9,1546.1,1776.1,1999.5,1454,,
Middle East & North Africa,MEA,860056.96,884064.01,955464.75,1017015.72,1092421.93,1124668.68,1163710.78,1218677.28,1223112.92,1268266.68,1326170.3,1391965.22,1442649.38,1495318.41,1578943.9,1683895.2,1781079.5,1863168.6,1975746.6,2039848.5,2128654.5,2172950.6,2293100.1,2341101.89,2419002.47,2453243.85,2476429.97,2511165.4,2500417.4,2508614.57,2416064.9,,
Mexico,MEX,269575.4,287995.8,291682.5,300667.5,326504.8,306842.1,322699.1,342478.4,365142.4,355178.3,379176,378830.6,386004.6,404692.2,414102,432187.4,448302.8,457121,459548.1,448372.5,462869.5,478403.5,486454.2,475737.5,462240.1,471632.6,476394.6,474498.5,444898.4,451828.8,383131.4,,
Marshall Islands,MHL,0,0,80.2,85,88.6,92.7,93.5,93.3,95.5,95.5,102.8,106.4,116.1,114,119.3,118.9,125,132.2,133.3,137.3,140.8,141.1,139,142.3,144.1,146.3,146.5,149.3,151.1,152.3,110,,
Middle income,MIC,8633047.304354,8782811.612764,8788972.65094,8848570.121608,8783327.941787,9196684.319369,9280494.57912599,9419657.645028,9549766.236989,9579781.010278,9982802.178393,10299164.82822,10688639.769476,11581012.403348,12544551.357687,13453664.44,14376661.63,15277605.85,15742026.63,16165818.76,17394871.89,18600068.917,19162590.625,19740108.909,20034092.372,19863721.902,19997090.908,20537363.182,21370666.0575,21669277.33,21203591.307,,
North Macedonia,MKD,8591.3,8383.7,8332.4,8639.7,8350.8,8305.7,9862.5,8786.1,9651.4,8879.5,8522.1,8670.6,8128.5,8829.1,8542.6,8881.8,8852.9,9328.1,9120,8512.3,8329.6,9157.1,8798.9,7862.2,7442.9,7142.1,6962.7,7436.2,6950.6,7956.1,6796.7,,
Mali,MLI,436.011,441.298,477.186,516.773,566.421,611.996,667.281,744.99,956,999,1093.8,1196.9,1243.5,1279.3,1451.2,1500.8,1581.7,1837.4,2016.6,1943.9,2154,2346.7,2510.7,2813.6,3174.4,3343.8,3408.6,3629.8,3867.9,3937.4,4150.7,,
Malta,MLT,2314.6,2210.6,2169.1,2806.3,2507,2378.8,2324.3,2469.6,2374.5,2409.2,2129.2,2489.1,2318.4,2608,2598,2626.4,2650.6,2715.6,2724.3,2509.9,2586.6,2573.1,2715.6,2371.5,2356.3,1657.1,1352.3,1521.2,1552.5,1658.6,1610.7,,
Myanmar,MMR,4083,4015.2,4278.2,4813.6,5647.4,6936.6,7309.6,7247.9,7913,8741,9440.5,8351.8,8341.2,10486.6,10268.2,10856.3,10057.9,10505.5,7943.6,7371.1,8131.3,8692.9,11964,13592.5,17034.8,19034,21860.8,32497,32784.5,33995,33874.6,,
Middle East & North Africa (excluding high income),MNA,532994.2,548964.99,589786,631232.9,684684.4,707814.7,726363.1,766587.8,748240.9,775499.6,813164,853985,872569.6,898626.3,955112.6,1028354.2,1079050.1,1121516.8,1165353.5,1207787.8,1231947.5,1238709.1,1297696.5,1327780.49,1360355.17,1349815.45,1367274.87,1422054.5,1449693.5,1439681.67,1370939,,
Montenegro,MNE,1915.340257,1355.040692,1483.273865,1293.619997,1256.652545,1327.33624,1552.994239,1669.796938,1757.579585,1211.858108,1520.843393,1667.26822,1766.249476,1889.193348,2041.277687,2004.8,2179.3,2098.4,2693.3,1747.5,2584.2,2535.9,2331.6,2267.3,2218.4,2359.1,2150.7,2267,2500.3,2601.1,2527.2,,
Mongolia,MNG,12968.1,14758.07,12858.42,11852.58,10323.84,10275.47,8690.27,8518.94,8548.7,8606.58,8996.67,8970.4,9604.46,9312.16,9561.28,11058.15,12419.2,13021.5,12974.4,13638.49,14311.1,15729.4,17141.5,18384.13,18122,17300.6,18172.8,19575.5,21545.7,23146.9,21184.7,,
Northern Mariana Islands,MNP,,,,,,,,,,,,,,,,,,,,,,,,,,,,,,,,,
Mozambique,MOZ,1117.23,936.09,1097.38,1288.573,1096.88,1172.64,1161.72,1287.66,1241.68,1233.76,1426.9,1411.5,1570.9,1904.6,1910,1709.1,1861,2230.7,2238.7,2494.3,2680.6,3294.3,3640.8,4150.5,4823.3,5478.3,7243.8,7162.3,6875.1,7530.2,6945.5,,
Mauritania,MRT,841.8,863,896.7,914.8,948.5,1001,1062.1,1050.9,988.3,1109.2,1118.7,1178.8,1269.7,1303.6,1413.5,1448,1459.4,1716.9,1797.1,1994.7,2073.7,2182.9,2355.4,2101.2,2534.5,2966.5,2584.2,3408.3,3716.1,3824.8,3847.1,,
Mauritius,MUS,1164.1,1251.6,1323.3,1469.1,1514.2,1551.5,1614.1,1624.2,1791.6,2198.4,2431.9,2565.6,2612.6,2748.6,2770.3,2961.8,3304.2,3395.2,3466.8,3423.3,3661.8,3639,3725,3818,3949.4,3960.9,4035.5,4174.4,4133.9,4173.7,3720.2,,
Malawi,MWI,722.47,792.02,792.69,885.5,907.53,909.27,926.59,922.39,896.45,932.68,875.23,847.28,859.92,893.44,898.57,854.327,861.944,927.19,1009.897,1036.69,984.46,1072.59,1076.42,1154.33,1045.6,1089.52,1223.57,1394.6,1609.4,1643.7,1640,,
Malaysia,MYS,54615,65096.2,67174.7,73044.4,79739.3,86310,98644.7,106015.2,105685.2,114454.7,124355.9,129458.7,136377.9,144010,157850,166973.4,173632.9,189464.8,202458.6,181472.7,199867,202401.3,205415.8,223086.5,236264.6,236229.4,231669.4,225104.1,241451.4,244882,245139.3,,
North America,NAC,5264009.6,5220795.1,5305993.4,5417257.3,5503567.6,5565082.9,5735187,6020165.3,6075328.1,6103295.8,6290022.3,6254877.7,6117377.8,6203533.8,6274703.3,6302525.9,6193606.6,6307951.3,6108932.1,5677824.3,5929200.9,5722961.1,5502344.6,5647839.6,5668969.1,5549450.9,5451373.3,5387541,5554874.3,5383712.2,4837406.2,,
Namibia,NAM,,1117.9,1218.1,1414.6,1636.2,1773.4,1923.7,1973.5,2017.6,1979,1942.3,2459.7,2131.6,2268.8,2376.7,2525.5,2491.3,2546.9,2929.9,3000.1,3103.5,3303.8,3507.4,3762.4,3932.1,4137.3,4152,4224,4279.3,4316.3,3952.8,,
New Caledonia,NCL,,,,,,,,,,,,,,,,,,,,,,,,,,,,,,,,,
Niger,NER,565.434,536.726,499.783,570.307,546.696,524.941,610.172,613.71,666.73,652.53,660.227,658.87,685.6,749.9,776.855,742.119,737.518,813.516,854.11,1075.27,1361.057,1399.44,1885.57,1975.01,2156.78,2111.59,2096.26,1901,1956.29,2159.15,2197.95,,
Nigeria,NGA,72768.8,81926.1,91806.4,86237.3,78325.8,86164.5,100227.2,98646.9,88699.8,87017,97215.1,101945.3,92237.6,100994.9,98724.9,98719,88767.7,81122.6,86932,76947.4,90055.2,94996.5,95335.3,108116.8,114815.5,107746.4,110817.5,108481.2,113633.1,119544.1,111978.1,,
Nicaragua,NIC,1933.9,1919.1,2235.4,2198.7,2525.4,2652.7,2816.6,3020.1,3519.2,3541.6,3768,3925.5,4062.9,4562.7,4531.9,4338.7,4547.6,4696.3,4503,4394.5,4513.2,4766.2,4686,4473.3,4758.6,5286.7,5410.7,5428.9,5024.8,5131.9,4582.2,,
Netherlands,NLD,151520.7,157266.8,156009.7,160137.2,159604.1,164106.4,173623.4,166310.9,166734.4,161446.1,162096.7,167116.1,167429.4,170362.8,172116.5,167926,163702.7,164550.6,165221.9,160488.3,171110.5,158768,157473.4,157090.2,149793.4,157376,158499.3,155710.9,151382.3,145939.237,130315.1,,
Norway,NOR,29305.4,27325.3,30197.9,32428.6,34412.4,34389.2,34597.1,36543.5,37887.5,39702.4,34283.1,34735.2,34381,37186.8,37354.8,36366.4,37210.6,37760.1,36872.8,37439.3,40116.4,39071.3,38770.1,39627,39643,40288.8,39578.4,39174.9,38571.5,37661.6,36177.4,,
Nepal,NPL,938.8,1182.25,1234.16,1409.8,1744.5,1895.7,1959.1,2191.37,2315.7,3123.7,3221,3464.6,2786.7,3021.8,2809.6,3188.6,2616.1,2693.6,2994.9,3882.8,4640.9,5199.2,5997.8,6087.8,7132.2,7186.2,10735.7,13265.3,15139.4,13860.5,14949.2,,
Nauru,NRU,126.3,126.6,120.6,114.5,111.4,108.4,102.1,102.4,99.5,93.4,88,80.6,78,68.7,64,62.5,44.1,41.5,42.3,40.4,42.7,40.1,42.1,47.3,50.6,54.5,52.7,56,54,53.4,41.4,,
New Zealand,NZL,22310.7,22629.7,24380,23960.3,24225.9,24325.8,25412.8,27689,27180.8,28612.9,29455,31618.8,31543.1,33397.6,32836.1,34232.2,34265.9,33270.5,34165.4,31169.7,31049.3,30290.6,32107.4,31885.5,31970.7,32281.2,31185.7,32927.4,32409,34008.2,31359.7,,
OECD members,OED,11344058.36,11389105.28,11422717.8,11511913.66,11707010.04,11859991.86,12234854.02,12502542.97,12505221.18,12559745.09,12872950.41,12887398.69,12793963.87,13019027.51,13147276.19,13191407.65,13123629.65,13289682.97,12953044.13,12195813.5,12694352.824,12466751.55,12291173.7,12351197.8,12116786.2,12052715.4,11985558.6,11958269.6,11984150.1,11605058.237,10570775.72,,
Oman,OMN,11919.3,15720.9,14922.2,15175.7,16195.7,18870.4,19382.9,20024,19519.2,21979.1,25115,28032.3,29972.1,31700.5,31256.9,31014.1,39187.1,42262.3,41314.4,43595.1,47076.3,53620.2,60549.4,63015.4,66386.7,70131.7,72197.6,71633.2,75365,75744.8,71041.5,,
Other small states,OSS,83923.170257,84903.210692,79892.513865,79441.779997,83183.132545,82864.32624,87878.614239,94349.146938,96827.989585,99739.648108,98878.823393,101714.43822,105731.419476,113375.843348,118303.077687,123372.37,132536.65,143521.59,148142.32,144545.59,156681.794,165799.027,171440.705,177358.399,185899.332,184664.262,188833.482,191127.612,190905.4875,189059.37,181678.207,,
Pakistan,PAK,59026,60305.8,66977.8,73749.6,76253.6,82737.2,85821.1,89362.5,90190.3,98773.3,98374.1,99837.2,102325.6,105663.5,118313.6,121608.7,132304.2,145813.3,140734.2,145337.9,140378.6,141690,143819.1,145993.7,154235.2,164152.3,181113.3,198738.8,186865.6,184096.3,184111.2,,
Panama,PAN,2692.9,3124.7,3635.4,3795.2,4036.9,4355.5,4406.3,4637.5,5721.6,5012.9,5282.7,6216.5,5410,5525.3,5609.5,7116.4,7490.3,7484.3,7297.5,8698.5,9190.6,9994.1,10461.6,10252.3,10758.1,10609.9,10652.4,10136.4,9918.8,13099.9,9582.7,,
Peru,PER,20875.3,20266.6,21033.8,21801.3,22538.1,25649.9,28062.2,27958.9,26970.3,29072.4,28634.2,26537.2,27731,27157.7,31237.1,31291.8,30843.7,33808.4,38292.6,41170.6,44998.5,48427.4,48120.6,49751.9,53167.8,54553.5,56860.3,54274.3,54589.9,56972.2,46578.9,,
Philippines,PHL,40868.9,40442.2,43803.7,47577.9,51270,61414.8,66899.8,74447.8,73870.2,71621.2,71942.8,70259.1,71257.2,73141.9,74718.3,76190.2,69305.5,73250.5,75039.4,76321.9,81917.8,82544.5,86165,95504.1,101822.5,110990.9,120895.1,133456.7,139119.1,145871.3,133471.3,,
Palau,PLW,0,0,197.5,198.1,198.6,197.7,198.9,201.8,203.3,204,211.5,215.8,217.1,215.6,217.8,226.7,228.7,223.4,212.9,204.6,214.8,212.6,222,221.1,217.8,200.9,207.9,213,211.9,217.4,158.2,,
Papua New Guinea,PNG,2168.6,2176.4,2179.6,2212.5,2056.1,2132.1,2232.4,2401.8,2653.2,2603.3,2825.2,3383.8,3607.1,4070.8,4611.2,4323.9,4345.4,4737.2,4760.2,5050,5042,5179.5,4905.7,5224.5,5836.9,6369.7,6560.9,6504.3,7114,7467.5,5491.5,,
Poland,POL,350214.6,351624.9,343368.4,344016.4,339752.2,340003.8,355320.2,344627,318414.1,308978.1,295774.4,293627.4,287320.3,297730.8,301854,301353,314093,313375.4,308325.3,297260.3,313739.1,310593.6,303351.4,298304.4,285730,289077.4,299802.4,312769.9,311754.9,294948.3,279223.8,,
Pre-demographic dividend,PRE,187593.355181,179937.336894,212230.634723,229152.448142,236402.735085,246353.932767,265641.433325,287689.307587,253441.722441,237689.604746,262141.263652,278395.381617,263874.392257,265679.243164,278603.666363,280335.060225,274848.610212,267241.244679,292301.012288,299207.451108,336938.477224,354783.027189,374390.53,406440.33,419480.76,423347.77,441959.88,455350.45,476743.54,506463.28,469494.036,,
Puerto Rico,PRI,,,,,,,,,,,,,,,,,,,,,,,,,,,,,,,,,
"Korea, Dem. People's Rep.",PRK,119307.5,112936.2,99712.1,91419.3,83612.6,78242.3,68660.5,66037.9,60918.6,66615.4,71822.9,74385.1,71198,72738.2,74323.7,77678.2,78937.1,65633.8,72831.5,55256.9,51689.8,37098.9,38483.4,27629.1,31223.3,25101.5,28127.7,54286,50121.3,55548.4,52437.2,,
Portugal,PRT,41068.6,42767.7,46774,45792.8,47302.9,50693.2,48742.5,50931.6,55600.6,62207.6,61661.2,61383.6,65604.9,60523.6,62128.8,65473.8,60448,58797.6,56844.4,56299.6,50937.3,49867.9,48220.3,46555.2,45931.1,49851.9,48695.2,53272.7,49461.2,44564.7,38973.5,,
Paraguay,PRY,2072.2,2020.3,2474.6,2817.6,3335.1,3781.2,3723,4107.2,4266.9,4266.3,3524.3,3614.8,3775.4,3937.6,3973.7,3698.5,3954.6,3720.5,4323.2,4567.9,5043.3,5218,5177.4,5301.2,5628,6367.5,7192.6,7920.9,8360.1,8101.6,7575.7,,
West Bank and Gaza,PSE,,,,,,,,,,,,,,,,,,,,,,,,,,,,,,,,,
Pacific island small states,PSS,1262.58,1294.15,1741.05,1768.79,1786.03,1853.57,1939.8,1951.11,1965.15,1994.72,2045.78,2257.7,2111.7,2306.9,2570.1,2324.3,2475.5,2457.7,2163.6,2145.9,2473.7,2426.8,2380,2500.9,2656,2659.4,2637,2800.6,2895.3,2959.2,2178,,
Post-demographic dividend,PST,11301942.62,11261858.73,11202035.02,11190404.83,11255283.55,11385861.27,11654927.1,11878876.62,11862048.6,11932534.8,12205401.5,12242579.1,12138747.3,12348057.2,12433283.2,12434543.6,12321777.6,12451551.7,12108570.1,11325785.8,11794117.9,11547695.05,11341919.52,11411367.77,11155172.57,11014655.47,10907463.37,10811083.27,10882237.97,10513545.907,9555830.37,,
French Polynesia,PYF,,,,,,,,,,,,,,,,,,,,,,,,,,,,,,,,,
Qatar,QAT,12543.4,14985,14677.6,16614.6,18491,19047.7,20942.1,25392.6,26502.7,29002.4,28666.2,28650.6,32496.1,34744.2,37074.4,38536.6,43940.5,50026.5,53279.3,54310.2,60912.1,68521.5,75430.1,76540.7,82167.8,85211.3,87066.7,87472.1,87099.4,89486.8,87578.3,,
Romania,ROU,172633.6,142755.2,126185.7,117690.8,115148.3,120869.9,124200.9,113599.2,99513.5,84969.4,89003.1,95220.8,93733,98138.2,95336.3,94682.9,99254.3,96728.6,95409.1,80699.2,77601.9,84049.5,81843.8,72090.6,71539,73314.4,71585.2,74208.1,75190.2,73942.8,68664,,
Russian Federation,RUS,2163533.1,2136444.3,2030810.7,1880244.5,1685046.3,1635484.8,1601176.5,1489506.5,1487965,1523721.3,1563845.6,1567172,1565334.4,1609996.7,1600978.5,1611982.1,1654851,1658148.6,1655191.1,1546666.4,1617827.5,1699083.2,1675755.9,1632679.7,1611960.7,1592559.4,1571517.3,1594550.3,1661000,1703588.7,1618271,,
Rwanda,RWA,536.36,481.45,483.55,486.05,461.723,454.989,464.63,481.23,480.02,494.89,660.52,674.05,795.79,684.91,662.34,716.9,720.3,653.34,653.34,670.88,703.68,736.07,814.13,903.69,923.92,1080.44,1148,1255.5,1403.4,1451.1,1382,,
South Asia,SAS,641292.09,685811.98,713532.72,746077.74,785115.44,846825.3,889016.46,940197.64,958640.22,1034754.43,1072998.26,1095270.848,1131663.95,1164057.737,1252484.717,1310942.931,1401904.88,1540885.02,1628172.46,1779015.6,1878594.23,1987072.19,2147871.13,2213363.55,2403894.74,2434198.49,2503383.23,2644485.38,2792018.58,2752652.43,2518434.77,,
Saudi Arabia,SAU,171403.3,187924.9,202031.7,203252.6,206359.4,204830.5,217652.4,220072.7,233898.8,239520.5,249654.8,254084.2,272251.2,284828.3,299889.4,315293.2,335434.3,354617.4,389713.4,406526.7,446131.5,463763.7,492467.1,503213.7,540520.2,565190.1,561229.7,549749.9,527565.7,526770.3,513555.8,,
Sudan,SDN,5365.69,4803.48,4530.7,3210.8,4696.41,4507.9,4307.1,5248.1,4767.34,5305.12,5690.74,6254.93,7713.9,7931.9,8827.8,10496,12900.25,13969.9,14959.56,15490.3,16427.4,15936.6,15806.3,15853.2,16658.5,19259.2,21503.1,21579.5,21670.3,22131.5,20796.1,,
Senegal,SEN,2326.3,2334.7,2568.3,2505.6,2606.2,2761.2,2927.3,3215,3597.4,3960.7,4063.7,4455.4,4579.6,4486.4,5390.2,5666.2,5569.4,6202.1,6436.1,6666.2,7026.2,7571.4,7454.6,8013,8572,9285.5,10132.8,9800.8,10176.6,12297.8,10680.2,,
Singapore,SGP,28970,30474.9,31410.9,36164.2,37978.8,37581.9,38520.1,38161.6,37047.1,37802.1,42117.5,42031.3,41290.8,38157.7,39618.8,36901.4,37171.6,38286,38423.6,38831.8,42413.6,44766.9,43692.3,43912.3,44398.5,45431.9,44969.8,47324.2,45212.1,45163.2,43705,,
Solomon Islands,SLB,152.9,160,168.3,177.3,190,196.9,206,213.4,220.5,228.1,235.4,245.8,257.6,268.9,286.3,294.7,304,313.7,323.2,333.5,342.8,355.9,355.6,389,340.7,304.1,298.1,295,300.9,304.8,223.3,,
Sierra Leone,SLE,318,342.3,325.5,327.5,350.5,236.2,310.7,229.2,247.7,197.2,333.3,442.5,497.6,550.4,532.6,446.5,590.6,503.2,519.4,517.8,560.2,734.9,854.7,1030.8,1137.6,1084.5,1170.8,1120,1043.7,1038.8,1048,,
El Salvador,SLV,2383.3,3066.3,3353.9,3923.3,4459.3,4961.4,4389.9,5319.2,5666.2,5606,5631.6,5868.6,5935.3,6510.2,6676.8,6836.3,7235,7629,6909.8,6676.8,6539.2,6778.7,6771.6,6455.8,6592.2,6997.6,7125.1,6344.9,6844.9,7912.7,6376.3,,
San Marino,SMR,,,,,,,,,,,,,,,,,,,,,,,,,,,,,,,,,
Somalia,SOM,735.12,707.099,684.23,643.12,633.1,598.29,575.2,546.7,518.3,498.6,486.6,509.5,571,577.5,577.5,580.6,581.6,623.6,618.7,614.4,631.2,632.5,625.7,649.4,645.9,646.2,654.4,654.9,656.1,655.7,660.4,,
Serbia,SRB,61906.5,52202.4,48858.2,43190.6,39618.2,45315.8,52666.1,57256.4,57283.7,40773.7,43985.4,46211.8,49792.2,53204,57502.3,50685.1,53009,51463.6,49825.9,46874.8,47103.9,51230.2,45790.2,46472.5,38980.7,45410.1,46635,47342.6,46192.4,46030.1,46324.3,,
Sub-Saharan Africa (excluding high income),SSA,401651.865181,410520.676894,418286.494723,420075.348142,420587.378085,445779.271767,476382.223325,492320.967587,496813.332441,484825.684746,498327.263652,542617.243617,544792.452257,576480.846164,609110.399363,612500.549225,611707.030212,628232.184679,669149.382288,646225.921108,691744.397224,690428.184189,716702.835,754621.979,787567.902,770129.832,781052.862,790885.682,808737.5475,833118.55,760269.413,,
South Sudan,SSD,433.885181,406.424094,363.401723,250.506142,344.484085,356.078767,367.368325,449.751587,389.947441,422.900746,459.820652,529.083617,674.322257,753.349164,951.984363,912.013225,998.668212,1173.198679,1239.105288,1290.671108,1313.250224,1281.212289,1418.6,1453.1,1519.6,1969.4,1730.2,1512.1,1768.9,1824.6,1742.7,,
Sub-Saharan Africa,SSF,401805.065181,410695.876894,418462.694723,420263.648142,420794.778085,445983.171767,476620.923325,492598.867587,497107.532441,485133.984746,498620.963652,542940.943617,545144.752257,576823.246164,609493.599363,612882.449225,612096.030212,628636.684679,669566.982288,646674.221108,692188.097224,690836.384189,717126.535,755034.179,788024.602,770629.632,781618.462,791456.382,809339.8475,833713.85,760868.113,,
Small states,SST,112880.958354,114175.732764,110162.445912,107413.932019,109776.145342,109940.877407,116043.607776,123378.042845,127198.363862,130525.860755,129409.823393,134006.09822,138654.579476,149906.203348,155983.237687,162323.73,175362.92,187045.87,188804.41,182665.66,197456.964,207886.607,212938.955,220336.879,228640.7906,226608.062,228693.538,230241.512,231602.2875,229633.56,216633.197,,
Sao Tome and Principe,STP,46.5,46.5,44.3,44.9,46.6,47.5,47.5,47.5,51,51,53.5,53.5,58.3,65.9,74.5,80,81.7,81.8,88.5,93.8,102.8,100.5,118.7,121.3,119.2,123.6,128.7,134.4,137.5,140.2,141.1,,
Suriname,SUR,1759.988097,2045.742072,2053.032047,2060.322022,2069.302797,2087.581167,2109.523537,2131.465907,2131.424277,2149.692647,1480.42,1520.56,1115.66,1233.96,1392.96,1687.26,1529.27,1411.28,1455.49,1446.77,1744.87,1952.73,2441.63,2289.81,2620,2724.1,2954.886,2444.33,2146.53,2656.82,2601.32,,
Slovak Republic,SVK,54811.8,47938.2,46096.2,44319.9,41702,42370.6,42174.1,42273.5,41403.5,40660.1,38072.2,38577,38065.4,38331.2,37430.5,38518.3,37873.3,37190.3,37097.2,33908.9,35432.2,34116.9,32347.1,32920.4,30438.1,30753.7,31497.8,33576.5,33005.1,31032.5,29035.8,,
Slovenia,SVN,13528.8,12737.4,12825.4,13556.2,13606,14470,15290,15725.6,15503.1,14910,14541.7,15380.1,15524.6,15413,15699.6,15916.5,16293.7,16283.4,17360.1,15509.2,15777.2,15700.8,15123.6,14548.1,13112.7,13139.7,13903,14123.7,14072.9,13665,12477.3,,
Sweden,SWE,53346.2,54236.3,56745.9,56504.9,58488.8,58230.9,63647.4,57381.6,58363.4,57264.9,53277.5,52497.3,54023.7,55202.7,53593.3,50082.6,48734.9,47054.3,46023.3,42760.7,47985.5,44452,41996.6,40388.1,38993,39120.1,38691.2,38168.2,35915.9,34964.6,33576.1,,
Eswatini,SWZ,1101.2,1086.3,909.2,816.9,1454.9,1413,1131,1149.9,1172,1257.7,1090.6,1105.8,1074.8,996.5,985.6,982.5,990.9,1024.6,1005.6,1042.3,849.2,814.9,806.3,957,977.4,1015.9,1116,1105.8,1105.8,1169.5,1147.7,,
Sint Maarten (Dutch part),SXM,,,,,,,,,,,,,,,,,,,,,,,,,,,,,,,,,
Seychelles,SYC,153.2,175.2,176.2,188.3,207.4,203.9,238.7,277.9,294.2,308.3,293.7,323.7,352.3,342.4,383.2,381.9,389,404.5,417.6,448.3,443.7,408.2,423.7,412.2,456.7,499.8,565.6,570.7,602.3,595.3,598.7,,
Syrian Arab Republic,SYR,32388.1,35766,35151.5,35882.4,37441.8,38978.7,42022.9,42072.7,44630.8,43872.2,44401.1,44728.9,44267.3,44378.7,46364.3,57220.3,60213.9,63604.5,65275.9,60696.7,61090.7,57562.5,45039.2,30696.6,26603.9,25260.7,24479.1,25794.4,28303.1,26840.4,25234.6,,
Turks and Caicos Islands,TCA,,,,,,,,,,,,,,,,,,,,,,,,,,,,,,,,,
Chad,TCD,388.9,397.3,408.5,409.9,425,436.6,449.1,464.7,474.4,490.2,507.4,521.7,532.4,764.9,773.1,796.6,815.2,876.5,1027.7,1114.2,1190,1003.6649,1233.73,1487.26,1483.1,1478.55,1469.87,1488.2,1557.4,1583.6,1568.4,,
East Asia & Pacific (IDA & IBRD countries),TEA,2546780.356,2710332.24,2851300.595028,3121380.629589,3284135.786445,3671061.591962,3705877.53135,3820665.019183,3908236.528127,3859449.507523,4069783.52,4292467.21,4593644.44,5271895.5,6016294.29,6757060.33,7398527.9,8009202.13,8238874.9,8760812.19,9602646,10478929.9,10771358,11225062.03,11341237.6,11229030.3,11263921,11553898.4,12164532.1,12480501.7,12608302.4,,
Europe & Central Asia (IDA & IBRD countries),TEC,4381209.140257,4240031.740692,3991060.703865,3675716.299997,3309124.222545,3222587.43624,3149439.974239,2992756.726938,2952683.974585,2923459.770108,2980028.252393,2973900.71822,3000972.599476,3125391.313348,3125612.097687,3139915.8,3268927.2,3323990.6,3355739.26,3101978.35,3251419.1,3411004.8,3362262.5,3292199.8,3184532.8,3118703.7,3159626.5,3237220.9,3316919.5,3307604.6,3194229.5,,
Togo,TGO,977.6,925.5,746,633.1,906.9,977.4,1356.6,763.7,1199.6,1708.2,1269,1178.1,1344.2,1833.8,1778.2,1748.1,1569.6,1503.7,1568.8,2824.7,2630.1,2515.6,2235.8,1749,1588.5,1825.6,2305.6,2018.7,2189.9,2442.3,2415.1,,
Thailand,THA,88005.8,96403.4,106917.2,123371.7,137725,156293.3,175594,181502.8,160408.9,169086,168941.4,178776.6,190573.9,195675.5,213439.9,222096.8,224693.7,231901.7,233893.7,224850.1,240768.3,238968.5,256286,264681,261377,268853.3,267916.3,267137.1,264483.6,274466.7,265478.9,,
Tajikistan,TJK,11018.2,10171.7,7686.2,5167.3,3035.37,2508.62,2240.2,2513.44,2765.715,2544.59,2200.97,2150.05,2133.81,2175.1,2597.02,2471.2,2686.5,3267.8,3041.06,2405.15,2446.9,2564.2,3015.2,3195.1,4583.6,4904.8,5496.7,6757.7,8097.3,8965.7,9328.8,,
Turkmenistan,TKM,44646.3,37788.5,28099.3,26972,33545,33989.8,30608.9,30502.5,31838.6,37688,38507.5,39123,41410.7,46350.2,49365.2,50592.5,51916.5,58482.3,59279.7,52386.8,59175.1,65076.7,66758.5,63791.5,62189,63777.6,64079.5,63871.6,63317.6,63231.8,63655,,
Latin America & the Caribbean (IDA & IBRD countries),TLA,851765.808097,885764.742072,907533.342047,934851.822022,977215.802797,999852.081167,1066591.723537,1133573.065907,1181018.124277,1173260.992647,1213210.92,1218878.26,1224775.16,1246041.46,1303198.36,1346749.06,1388228.07,1433926.98,1478196.79,1438061.87,1539037.97,1603749.37,1675156.97,1719082.27,1730502.0286,1718007.17,1679719.926,1656356.87,1602830.17,1592486.56,1410200.16,,
Timor-Leste,TLS,0,0,0,0,0,0,0,0,0,0,0,0,168.7,167.6,182.5,180.7,185,191.4,210.1,235.4,244.1,252.4,300.4,364.4,449.8,437.2,518.9,561.8,510.1,617.6,446.1,,
Middle East & North Africa (IDA & IBRD countries),TMN,532994.2,548964.99,589786,631232.9,684684.4,707814.7,726363.1,766587.8,748240.9,775499.6,813164,853985,872569.6,898626.3,955112.6,1028354.2,1079050.1,1121516.8,1165353.5,1207787.8,1231947.5,1238709.1,1297696.5,1327780.49,1360355.17,1349815.45,1367274.87,1422054.5,1449693.5,1439681.67,1370939,,
Tonga,TON,84.1,90.4,76.9,86.3,92.3,99,81,94.2,94.9,113.9,102.9,94.7,101.7,123.5,117.4,117.2,134.9,119.8,127.3,138.1,117.7,107.4,109.3,114.7,113.4,109.9,123.9,132.9,134.2,161.5,118.1,,
South Asia (IDA & IBRD),TSA,641292.09,685811.98,713532.72,746077.74,785115.44,846825.3,889016.46,940197.64,958640.22,1034754.43,1072998.26,1095270.848,1131663.95,1164057.737,1252484.717,1310942.931,1401904.88,1540885.02,1628172.46,1779015.6,1878594.23,1987072.19,2147871.13,2213363.55,2403894.74,2434198.49,2503383.23,2644485.38,2792018.58,2752652.43,2518434.77,,
Sub-Saharan Africa (IDA & IBRD countries),TSS,401805.065181,410695.876894,418462.694723,420263.648142,420794.778085,445983.171767,476620.923325,492598.867587,497107.532441,485133.984746,498620.963652,542940.943617,545144.752257,576823.246164,609493.599363,612882.449225,612096.030212,628636.684679,669566.982288,646674.221108,692188.097224,690836.384189,717126.535,755034.179,788024.602,770629.632,781618.462,791456.382,809339.8475,833713.85,760868.113,,
Trinidad and Tobago,TTO,13152.4,13045.1,13145.2,10722.4,8792.5,8618.6,9194.8,9690.5,9923.9,9899.8,10204.5,11619.6,12674.7,15446.9,16096,17580,20054.6,20485.8,20012.1,19030.2,21443,22243,21497.2,22186.3,22014.2,21310.6,18291.6,18224.7,17763.7,17195.3,15420,,
Tunisia,TUN,14671.9,15206.3,16294.7,16622.4,16654.4,17045.1,17572,18133.2,18939.5,19972,21068.8,21971,22147.1,21961.7,23020.2,23538.6,24472.1,25366.7,25960.7,25984.2,28321.5,26717.4,29106.2,28601.9,30976,31627.4,30317.8,30742.6,31023.1,31045,29293,,
Turkiye,TUR,139197.9,143796.1,149797.2,155579.5,153823.1,168150.5,185337.7,193428.4,193687.6,192651.4,216396.5,197771.1,208107.6,219158.6,224601.2,235003,261083.6,288967.8,287205,288307.2,297814,318641.2,329797.8,319088.6,341671.5,353413.8,376399,418098.2,414111.9,398772.9,407406.2,,
Tuvalu,TUV,6.4,6.7,7.3,7.6,8.3,8.9,6.9,7.8,10.9,7.6,7.9,9.9,9.1,8.5,8.5,8.5,11,13.2,9.5,10.6,9.6,10.2,9.8,8.7,8.5,7.7,7.5,7.7,8.8,8.9,6.6,,
Tanzania,TZA,1892.2,1865.7,1859.5,1915.9,1910,2734.8,3070.5,2887.3,2692.6,2516.6,2946.4,3128.3,3565.8,3769.5,5081.7,5660,5991.7,5906.5,6073,5928.6,6909.9,8019.7,9587.9,10698,10108,10765.9,10646.9,11659.3,12018.9,14960.8,14435.5,,
Uganda,UGA,785.735,806.39,815.06,813.92,725.72,952.5,1048.41,1110.09,1263.27,1290.6,1297.6,1303.9,1486.2,1567.2,1629.6,2024,2399.5,2868.2,2971.8,3357.3,3332,3744.2,3777.1,3694.3,4112.2,4712.1,4946.3,5172,5866.6,5943,5674.6,,
Ukraine,UKR,688618.9,651932,574642.6,499314.9,415669.9,399250.1,346111.3,328244.8,309288,305725.1,297376.8,300552.9,303940.8,330228.5,307135.6,295405.2,303989.4,312141.5,301195.3,251616.6,268924.6,283342.4,277110.2,270268.7,237728.7,191067.8,201655.4,174938.3,185623.8,174599.9,165663.6,,
Upper middle income,UMC,6529915.428354,6627839.492764,6661908.665912,6754577.752019,6717809.995342,7053120.307407,7103657.357776,7170820.592845,7279228.023862,7190874.982755,7522848.982393,7773270.87822,8090933.049476,8885518.073348,9714080.937687,10509932.36,11283422.97,11979605.09,12315104.16,12603193.43,13650211.56,14683619.207,15046424.835,15496037.519,15550983.462,15348154.712,15332252.098,15680729.342,16265198.3175,16546520.02,16383995.507,,
Uruguay,URY,3848.7,4371.7,4768.6,4490.1,4266.2,4687.9,5450.5,5558.4,5777.4,6783.2,5458.5,4946.3,4530.6,4486.1,5459.9,5415.8,6332.1,5854.7,7750.1,7665.9,6283.8,7605.9,8517.7,7357.6,6500.4,6657.2,6525.1,6103.8,6545.7,6806.7,6514.3,,
United States,USA,4844517.4,4807496.5,4879626.1,4995209.5,5066803,5117036.9,5273486.3,5543349.4,5590536.3,5609017.3,5775807.2,5748261.8,5593024.4,5658992,5738286,5753493.2,5653081,5736319.3,5558378.9,5156424.9,5392109.4,5173591.2,4956053,5092097.2,5107208.6,4990703.7,4894499.2,4819365.1,4975300.4,4817710.4,4320532.5,,
Uzbekistan,UZB,117767.7,118584.8,113076.8,114592.9,108876.6,98154.6,99600.3,100732.3,116263.5,116488.1,123804.5,125695.4,129888,121905.7,124840.1,119190.1,127356.9,122580.6,128884.1,116532.5,126240.5,128633.7,113140.2,111856.5,104872.5,99358.2,105333.9,109708.5,112720.5,117687.8,115577.8,,
St. Vincent and the Grenadines,VCT,82.6,89.1,89.2,108.9,122.3,132.2,135.4,142.1,171.2,173.1,155.6,187.4,196.7,208.2,228.3,229.7,227.7,246,229.2,288.2,233.6,224.9,240.8,226.3,267.5,246.5,255.2,225.1,252.3,235.1,219.8,,
"Venezuela, RB",VEN,101630,100992.8,103107.8,107387.9,106529.1,114036.6,121835.4,127590.1,129300.3,125458.8,131516.7,135800.4,140747.6,135770.2,139606.7,147374.4,147532.1,142388.6,151112.1,152586.3,164101.6,160039.6,181128.8,180422.6,179236.1,163126.9,150466.7,139787.4,130158,107502.3,72509,,
British Virgin Islands,VGB,,,,,,,,,,,,,,,,,,,,,,,,,,,,,,,,,
Virgin Islands (U.S.),VIR,,,,,,,,,,,,,,,,,,,,,,,,,,,,,,,,,
Vietnam,VNM,19327.9,19796.6,20812.9,24244.9,26682.3,31401,35033.5,40842.9,45473.9,46412.8,51207.7,56722.4,66495.8,70903.7,85051.8,92368.6,94869.7,105137.4,117585.1,132290,151413.5,155973.3,155522.8,164297.4,180698.8,201513.3,222028.5,229877.4,286139.3,341716.8,355323.1,,
Vanuatu,VUT,66.9,66.9,63.7,63.7,63.6,66.8,85.6,89,82.8,89.4,89.3,92.9,82.9,87,61.7,61.6,61.6,105,101.1,127.5,127.1,134.2,120.5,111.9,158.9,134.3,151.3,141,177.5,166.9,121.3,,
World,WLD,21284042.79,21440490.2,21390040.84,21531833.41,21676894.94,22299203.28,22778983.29,23202623.39,23365547.83,23530421.41,24280271.96,24644437.95,24989512.93,26133423.08,27331852.94,28371817.05,29308175.54,30418994.07,30632298.65,30238050.03,32095872.94,33079721.35,33460087.5,34119894.39,34261369.66,34070176.85,34145652.3,34687837.09,35560555.79,35477245.4,33566427.59,,
Samoa,WSM,89,97.7,102.9,112.5,103.4,116.6,131.5,129.1,146.1,145.1,148.6,162.6,170.2,169.2,175,179.1,177.1,186.3,169.5,176.4,192.4,196,198.1,196.7,207.3,232.3,246.7,255.2,248.7,278.7,206.5,,
Kosovo,XKX,,,,,,,,,,,,,,,,,,,,,,,,,,,,,,,,,
"Yemen, Rep.",YEM,6642.3,8498.5,9130,8552.3,9339.6,10531.7,10799.1,11640.7,12455.4,14059,15030.5,16065.3,16093.7,18699.7,19628.8,21105.6,21918.5,23270.2,24216.2,26568.7,25431.9,22950.1,21012.5,27825,27429.9,13552.2,10035.2,9682.2,11349.8,11194.8,9960.1,,
South Africa,ZAF,247614.7,242286,238780.6,246445.9,252088.5,264251.5,274043.7,288584.8,296196.9,278270.9,284463.3,320393.3,331272,353033.5,379939.8,377642.7,379736,397161.9,427111.7,404354,425548.4,409480.3,427001.7,437261.7,448298.1,425063.1,425682.9,435214.5,439644.6,446626,393241.6,,
Zambia,ZMB,2740.8,2876.2,2848,2514.4,2143.8,2129.5,1761.9,2285.5,2173,1764,1807.2,1835.28,1922.95,2084.2,2106.2,2293.1,2177.5,1981.6,2185.9,2485.2,2656.9,3050.7,4030.3,4238.6,4686,4956.6,5315.3,6810.7,7857.2,7615.7,7607.1,,
Zimbabwe,ZWE,16535.5,18301,18469.6,17075.6,15960.5,15483.6,14862,13826.1,14073.1,15818.1,13578.9,13545.4,12293.4,10103.3,9672.3,10455.9,9791.8,9754.3,7711.6,7572.7,9518,11357.6,11954.9,12216.8,12010.7,11988.7,10450.2,9781,11069.9,10185.3,8312.5,,
